{"start": 1600886281.5744987, "save": 1600886291.6196036, "delta": 10.0451452}